id,y,x0,x1
146,0,-0.523751,0.114443
405,1,-0.801242,-0.015832
35,0,0.774656,0.54435
13,0,0.11820499999999999,0.322883
166,1,-0.966908,-2.223994
173,1,-1.018678,-1.442344
531,1,-0.604513,0.510153
388,1,-0.875791,-1.098743
205,0,0.310792,-0.885418
