id,y,x0,x1
133,1,0.254879,-1.046633
273,1,-1.1429280000000002,-0.781198
175,1,-1.451067,-1.406518
551,1,-0.879933,0.42058900000000005
199,0,0.42675799999999997,0.723479
274,0,0.963102,1.467675
420,1,-0.662496,0.21214899999999998
76,1,-0.45334300000000005,-2.147457
315,1,-0.606584,-0.971725
