id,y,x0,x1
565,0,1.53672,2.047399
447,1,0.033301,-0.47830900000000004
488,1,-0.610726,-0.665579
151,1,-1.486271,0.658341
263,0,0.339783,0.975886
563,0,1.66097,0.6078600000000001
194,0,-0.039178,0.34242399999999995
433,0,1.323425,0.855382
244,0,1.114272,0.790245
